,security,conformity,tradition,benevolence,universalism,self-direction,stimulation,hedonism,achievement,power
0,0.08758687535362963,-0.9922750470758214,0.3126490440693338,-0.08483059877139713,-0.5551811557352303,0.03222481495671147,-0.5341701139250579,0.5642177324009964,-0.6357671092636442,0.7448492764936299
1,-0.06206903839196026,-1.8881086039569352,-1.1966722873190534,0.47213937931075023,-0.5628099518368028,0.8029224173585371,0.9832885942777625,1.1705788165700823,0.5233123562179405,0.4070188716195964
2,0.49831649428677854,-0.1478153781586908,0.9733829324866583,0.26774221582548713,0.16747117997348598,-0.17125870529472828,-1.084919591116941,-0.16457688847743307,0.03555999092178144,0.6815551741878693
3,0.1115402707430107,0.31612630843201883,-0.08026801878420987,-0.6058556206924912,-0.46111864418334747,-0.5171810902307343,-0.5628326624883992,-0.4532237385893163,-0.646686206011342,-0.2500169984743289
4,0.1378077210546038,-0.034157981626613584,-1.3006134948220078,-0.29868773093444173,-0.7438726904289745,0.425528236474273,-0.1011773871058648,-0.1234578412004896,0.4248990465395998,1.6457347667499849
5,-0.09993827547772104,-1.0300381125099465,-0.7765526630510758,-0.34647893669594954,-0.6820502037393786,-0.24127356949102707,-0.853634035304565,-0.5004621551275915,-0.6048910774803257,-0.49954077878050857
6,0.03296518320659751,-0.2148934669890841,-1.3390138438615933,-1.1285072167854704,-0.7856203439672256,-0.772294481925191,-0.8244665408292712,-1.425071408094047,0.19203681566013253,-0.47691824883989525
7,0.819904981850526,0.6496423316571441,-0.17218627146707494,0.32991129393565505,0.4631299433734363,0.5890955322337058,1.1632745558307156,0.18608503556097905,0.6243192184729184,1.1314148875343546
8,0.1454024558498881,-0.10734520129702725,1.1652652122243081,0.8680618506251379,0.7064110206386186,1.0540684530744096,1.663004919591663,1.8528969681793288,0.3438476894381362,0.7069584917031264
9,-0.9768694988874136,-1.280062761440864,-0.34416764593069854,-0.5434466244970096,-0.8963224708498392,-1.0098401406097806,-0.9113051613129844,-0.8190838288645709,-0.7137920502241976,-1.434999371083416
10,-0.10830447471842246,-0.10527661729732059,0.3712402766792862,0.7470196588704019,0.44752298816007013,0.44630637442417914,0.9610597176300987,1.3504653682126222,0.3437774703256552,-0.20755190750274102
11,0.6231541315113338,2.704495592325092,1.5345780417619908,1.9539003882807284,2.138828609510683,1.6746297719727627,1.2542841490919743,1.6588051458601678,1.513980528721988,0.7338999779304322
12,-0.7803546366591614,-1.0137818209905831,-1.1480511066689858,-0.33315055791526255,-0.8683763637050562,-0.6442727124088395,-1.018173645457674,-0.4044057460917651,-1.1030042495446755,-0.3642632352046135
13,1.0737025559325264,0.40739677137076197,-0.5099314628766265,-0.23334154066270732,0.007775276078194924,0.049816389372313544,-0.6276736242438152,-0.2943804918239778,0.4593391218827306,0.9984486108019629
14,0.17942240306756932,1.742724564060845,2.0872540962166024,2.8225862035279965,1.997812829718893,1.915964549683853,1.7327215211477125,2.6753097925500353,0.828457368657403,0.6199029621477358
15,0.49480910891757146,0.2714666939482922,0.14793631530068083,-0.01975194688326441,0.274971038906406,0.3065335245991159,-0.4406640022870658,-0.48208201729508227,0.4786327754606166,0.6318210699462106
16,0.6914123074470803,1.0291571406383742,-0.19532761051599495,0.7714760822877208,1.0196369005255705,1.0211695749395144,0.5648309653920057,0.4273387282459399,1.5863990679954973,1.0261986520775912
17,-0.3473002144105933,-0.49772594355279287,-0.6656669206492808,-0.7114569084650952,-0.4685931572948906,-0.6741332433081688,-0.7056186808355919,-0.7091254725842954,-0.16332745118102704,-0.5354428486115361
18,0.4207071703013676,1.1130725598833182,1.5470535524641242,0.8164891756077851,0.8753160669904761,1.0063708083946747,0.01648139996375692,0.8831823789930946,0.6042892042917372,0.5841808148873958
19,-0.5836423596629229,-0.32496647460497885,-0.7033509176989757,-0.11345698734709725,-0.3256844870577142,-0.005192426365470727,-0.41274270774673566,-0.558911762478192,0.08475580439053763,-0.3680948646759582
20,0.18164624199382065,-0.6207118807230424,0.019356290220714438,-0.04644005464653671,-0.44308692071986017,-0.3127636674116442,-0.14966722842654862,0.05786290335593124,0.2708921082553143,-0.2681880227531917
21,-1.0842176039866973,0.15514963726549608,0.7274470133818196,-0.9056765525171661,-0.5956351555120113,-1.223378076357156,-0.23543844569320418,-0.4626577066072298,-1.734249903035213,-1.2840529811373338
22,-0.14358027751799474,-0.10288605801592818,-0.38118955183193387,-0.5476829478892012,-0.4986541289294248,-0.30843279010022556,-0.045051503676008665,-0.8209039867256114,-0.16254419804087492,-0.3610355032691017
23,0.8800714879703159,1.0082266392728274,0.9093883877762188,0.7502319779249748,1.251111099240374,1.16445454987835,0.4711321609763097,0.3575591366730711,1.7601897607802661,1.256334949194606
24,-1.1833508187956743,-1.2982377004252956,-0.9608982868459183,-0.40803690025506706,-1.398074125109851,-1.5096601933492113,0.17334542694393676,-0.01155237514561234,-0.7462639820078826,-0.8425491541595818
25,-0.7910606622456954,-0.6202265973909974,-0.5524275764574412,-0.14015075613881373,-0.6598600591602451,-0.20457641425597456,-0.5783770678323114,-0.26128394908103075,-0.6294907405813893,-0.7207873567727332
26,0.6403343141092643,-0.5133446590565846,-0.41714080184938185,-0.8960858198369478,-0.3693023623554474,-0.4536697776837872,-0.5440176070464153,-0.8638366058953473,-0.2662867121175353,1.3533987172714126
27,1.3107567229970916,1.4153226543685429,0.9365789102273667,-0.29919009987060025,-0.13156582806577316,-0.080602841921528,-0.43675952500496223,0.2770737016861813,1.0011383394917577,1.5851318019434986
28,-0.33129091401782984,-0.2200263313689637,1.1166120655721175,-0.5327089769166501,-0.22596463025936292,-0.4183930495266622,-0.6530459422873973,-0.2051983013381384,0.4955050846342286,-0.06100111343056618
29,1.9312398594591973,-0.028725567565571396,1.0126628085989993,1.1443406857451137,1.5887051715874547,1.6438675669572036,0.11589335467541703,1.071338710671511,1.7320287184861052,1.3749236124822983
30,0.29869273127267937,0.8369705370530404,0.4921399483748472,1.5742347192517656,1.3873727959320823,1.2133017911722457,0.6249914734365604,1.295920698533012,0.8617820207213585,0.5677686892369272
31,-0.29815201745103326,-0.23731621624275467,-0.0003466713404424001,-0.37149135067965544,-0.17084053963967646,0.11277593071208036,0.021129973339819096,0.060045454679239996,0.23902237925094455,0.6615041055488353
32,-1.3202455387111187,-0.37698216368088694,-1.0870338526397672,-1.672127840783326,-1.9508933839722558,-2.049773044418169,-0.5191825805353124,-1.8321598909448449,-3.154866454188637,-1.116931186947245
33,2.0460212844685164,0.8160353915113706,-0.6054583644636231,0.15176333519510138,0.6737004664139311,0.32390482717734737,1.2385265146038549,-0.7247492649705803,-0.1828528422472233,6.808050569856984
34,-0.37997615006583735,-0.16160107679064292,1.0118836440062156,0.1491825460291581,0.35504809204376325,-0.07446146756548062,0.15517785802726256,0.2867163469907295,-0.2589083893802049,-0.4934569204633061
35,0.5224035164621941,0.05309718290647348,-0.051419454191151855,0.11924182514199373,0.7640882511796424,0.38361800948592334,0.4817875693757301,0.05737759531065308,0.13753157401034707,0.29002437891393074
36,0.9082633070226117,0.8329625905231011,-0.24949828574778832,-0.1060275291065313,0.04737451860582878,-0.04662343384126179,-0.9831217454221406,-0.5976454564214003,0.2987722080285569,0.31944032778381093
37,-0.5691150494566615,-1.7962799588606835,0.8095443519403266,0.44323591930130335,-0.44036176816273126,-0.024457698198296123,-1.1143249318252126,0.4685178754158334,0.06931925491647303,-0.7839342438448884
38,1.1146910202420734,1.286081704673101,1.3681899137180098,0.5766265500699858,0.8149508219018192,0.7902107306938047,-0.3984961497246445,0.21744290308039357,0.8918143562129793,1.4625895768574664
39,0.6883082158121779,0.3956131992364118,0.22155525359823655,0.43668787076696675,0.24470901268459533,0.5295429833422298,-0.03213630116676988,0.20722556429947833,0.18581952505202495,0.29067434032223805
40,0.23732448613422014,-0.33441236336733027,0.5782483985090031,1.0191466946068297,0.18339958357078678,0.2396675582344997,0.14466411200572943,0.7487311266546212,-0.22828786566465029,0.49251689043202096
41,0.7879482619057498,0.5850251164407166,-0.2977989958312457,-0.09899176439329911,0.09132994610921659,-0.007708513230359768,0.10509940751736103,-0.22122512763925353,-0.32856881621283696,-0.17527507122517128
42,1.1286544138151657,1.4065835709322851,0.8037681243490082,0.6350452524551747,0.9830405246670012,0.8439650613070989,0.8892460991975273,0.3863754458349267,1.3051313315737998,1.220589275471308
43,0.39184011937030316,-0.5354447891530233,0.7507083734351734,0.29254997207743105,-0.0035467545047810924,-0.4492053188211466,0.035795888999234526,0.551955607787286,-0.4405337691571335,-0.01834070735759896
44,-0.7003002333394734,-1.4536842756100146,-1.2229089418262813,-1.2133842227059308,-1.068893314641201,-1.3039930051494095,-1.3823746322952943,-1.3349427264418363,-1.1654833466830095,-1.4927887200897696
45,-0.2747029639514525,0.17406575436555574,0.8812225613787011,-0.2003088711759696,-0.07120250711803602,-0.3215205510128779,1.169875618225816,0.3764593491559732,-0.7794320212888527,0.5453140553581598
46,-0.15793626744480688,-0.16436954603928025,0.25693598213925506,0.508695141915944,0.4050053774373228,0.7918902755755995,1.57740644507027,0.9693173887319952,0.3946501596118177,-0.3460772252490822
47,-0.049863667218684266,-0.16789731053943088,0.026913584117449995,0.32583817695726464,0.007377747745375011,0.3141619550434239,-0.07906368985368946,0.03267699459872699,0.2630287548562648,0.27630481676617946
48,1.4811857272500717,1.1312825365458699,-0.03874969169559153,0.24381108177543906,0.7787977642724518,0.6077603086080492,-0.15141522377187058,0.10715564327780874,1.6750815251208184,0.9714768721752902
49,-0.9869110290906835,-0.4584308098042974,-0.33045426357114266,-0.47498177611774645,-0.5855522276530264,-0.5518724036338193,-0.7030100927069812,-0.4155888985751991,-0.9005805750149143,-0.37219535281478483
50,-0.44425130414227687,-0.5450185118989225,-1.092628382244802,-0.5742284284592964,-0.6752546221278732,-0.29368248684723985,0.8152981768473685,-0.3646033024226472,0.055749477031654115,-0.6825885181755971
51,0.9421453786841089,1.539160743876154,0.37795733432734724,1.1824038086089725,1.6386013804081494,1.830564803446731,1.8758978577168295,2.0910767992034835,0.6842373526003953,1.4396473777721945
52,-0.146830010111924,-0.5038247039905128,-0.6151663960964288,-0.09293929997627708,0.4146975820139712,0.30549574977104565,0.2846456388804634,-0.30342374955083773,1.0403971631673763,0.5426080849266676
53,1.382984497442262,1.464936143530199,1.307715551319815,0.9959155668791734,1.3419959206341714,0.8529531113129196,-0.15209145256825157,0.6805183355458925,0.48375365143497506,0.18551659835350023
54,-3.0716892683902826,-3.4854729452462165,-3.367705935860547,-3.11944233795471,-3.3585551459968963,-3.0235812318568533,-2.7695192357260976,-2.8867771177941113,-2.3469724814497037,-2.6473996167450244
55,0.7775123720412691,-0.01963174579292261,-0.4325549758872516,-0.15851635477699713,-0.5681820162133061,0.0038871417512359304,-0.9950018908901688,-0.4479238999078664,0.06408071966022429,0.362709054526044
56,-1.2145166026199237,-1.6002622187334208,-0.9432414360728899,-1.3280085751071862,-1.7021270472534196,-1.6285207652848848,-1.5050370947773275,-1.086607141287163,-1.5798901353955228,-1.3648120018382757
57,-0.8587493765916986,-1.2806423559493882,-0.8291857564960202,-0.3986374857014206,-0.9122846030441178,-0.5321677657392979,-0.27807138503946405,-0.3967864441564494,-0.2762788689831557,0.021424893976782405
58,-1.4252480113662915,2.5576854079101206,-1.878886517009829,-3.1775995105708037,-2.406332657699654,-1.9364659921827523,-0.6232476779095274,-1.1660674691594073,-2.947993191528308,-1.8484445307630968
59,-2.376584525506005,-2.093154822113413,-1.1738502174096743,-2.133657768928662,-2.1821287155433926,-2.584744521336661,-2.487740544254401,-1.9606366647935212,-2.711705970512881,-1.9744743795917787
60,0.49555668158315225,0.7043624901763733,1.1430110832520424,1.5610195963236544,1.3788132320952466,1.2827619598035866,1.328109672371624,1.76377407687174,1.1344548083400894,0.2982776624533925
61,0.8400565422142626,0.8164750062680964,0.27441186450293703,-0.08316711745227355,0.10701522179824458,-0.018225286393800777,-0.18091782738616297,-0.20537249505523306,-0.3198969754445912,0.9340963726838439
62,-0.4451197315577087,-0.3359615053337002,-0.3167433428059729,-1.4909692945982835,-0.36524554810082316,-1.2429177546245915,-0.7224467645423701,-0.8850878550623308,-0.8893227333879833,-0.5693984895017915
63,0.40104976999485037,1.3016213775389378,0.6117562505930364,0.6334183407567793,0.7636922249981819,0.6423582216902287,0.67661273391592,0.5448204541338019,0.29379154106901423,0.8568683979600241
64,-1.1931225822760547,-2.2011897706909713,-2.1013945176187634,-1.1055546151178732,-2.0594976678384316,-1.8161540740887008,-1.4469006975687555,-1.1651810984361364,-0.6700297143993674,-0.9588907120058365
65,0.018482868060159568,0.4286897018887891,-0.06265452614429888,-0.003210656262917209,0.10772265863920685,0.2679832312979199,0.43770033820545834,-0.16259027445320884,-0.05366746004720987,0.6569372705604455
66,-0.2691265009778092,-1.7588898012337737,-0.6690750776821931,-1.2564814715130936,-1.2539894470328812,-0.9250111286170587,-2.1597954666524126,-0.9235346255877124,-0.5722470474261221,-0.32667713774594825
67,-0.361019060202179,-0.22522027481783033,-1.2850359727899177,-0.515748798812733,-0.3041606437832216,-0.3928066605657998,0.6259537041599565,-0.7864175950719716,-0.2655505239340919,-0.3506929927543308
68,-1.8566320775912624,-0.5469207768563134,0.1789296682081872,-0.9347083132998775,-0.800230054716168,-0.7899626835784128,0.18763800327808824,0.25993080979788613,-0.9726412656320056,-1.228969789837346
69,-0.7180626714103796,-1.0783576999108024,0.21881727212491045,-0.07995901112271611,-0.7869446295085515,-0.9949369211814287,-1.8070743850672906,-0.8646560598207044,-0.7149899718231167,-0.5902744140423165
70,-1.058961071078714,-1.1368409532743728,-0.04559465623673646,-0.686359508950183,-0.5791274198298316,-0.4812262411395434,-1.2992740760139503,-0.1588999652998679,-0.10067409123960847,-0.5020731428447937
71,0.6561588706047633,0.08551368316505312,0.6603184185445123,-0.1931394434752845,-0.3406245249753069,0.009439273469164646,0.1683628144809311,0.2116927951149871,0.2164627728696474,0.9722286290774264
72,0.30608710825931884,-0.43554858541142577,0.6973413668381861,0.8305455196404947,0.11647197270333672,0.28705671177372666,-0.4546431516697891,0.4341802786900712,0.1707690440075931,-0.3141815664459513
73,-2.4990416566191542,-2.2957368788825843,-1.0326800622136965,-1.6165590676863861,-2.1751919488189344,-1.5979159346948066,-1.283845512064494,-1.780643480659844,-1.438859894764187,-0.919813950672185
74,0.29041809767734145,0.3402608567519362,0.047766348216279446,0.2736372559368721,-0.0043090519849487965,0.2992443338692372,0.0203077625724191,-0.007742518098263696,-0.27561625754442853,-0.049626497255374866
75,-0.5157942354292678,-0.525707815578567,-0.5796745070047645,-0.3488721730508543,-0.5498403985910643,-0.46244014091339203,-0.3090650583975172,-0.39355239920844376,-0.334216754152778,-0.3276931520994642
76,-0.722795584284575,0.12400214721288004,1.020550188902226,1.3131443921784305,0.42210888655531975,0.5355715037157832,2.155931448631958,1.54852094859654,0.3204038124124426,2.1229221517245245
77,0.16380946964452547,0.08694367779362466,-1.0798705141071918,-0.2480597055529398,-0.2999751606430662,0.13771668606359028,0.16586500673679444,-0.7176681200923324,0.4883083883903353,0.40327022024138703
78,-0.6790765946460783,-0.5518786351200181,-2.2830051897431356,-2.099881145387801,-1.8756602938586553,-1.5670664754707466,0.6691925945218379,-1.9015417976261766,-0.6257064678975373,-0.2628327162750303
79,-0.03969036713093201,0.32739174551231737,0.1802734178843034,1.10255681753745,0.4614120044520278,0.42883418836967474,1.2040273727165693,1.2960958049026707,-0.8139247956417718,-0.37103340844745275
80,1.3031810026926736,2.7521196787990783,1.9992305925835203,0.7488382156519828,1.6581394711902984,0.9042749962849259,-0.04877110227618122,0.005025359313123329,0.8048943320905668,1.044206789208655
81,1.581113995619662,1.778616397691912,0.2735127704949211,0.9510974767728083,1.284369630233403,1.2426221898044805,0.487118340461676,0.8167669696346045,1.0913674788865233,1.1084614722960195
82,-0.8930310971386726,0.7620595960510498,0.7267210986359856,1.0971508675373869,0.508388997130329,0.880245751711138,1.3428564632359272,1.4412190034379326,-0.2693820949007541,-0.17938125185407677
83,-2.106335784010237,-1.3252045893589912,-1.5794383419398144,-1.2686364845522664,-1.509175313829545,-1.6178109987405094,-0.5205957959665055,-0.8091642407066802,-2.3306814908650986,-2.2236124589167727
84,0.8533644275746783,0.03021245328090455,0.041503366019739404,0.29195828554269837,0.4060534969661902,0.024775742093054783,0.5972503911650664,-0.4694999975595352,-0.40478204556395214,0.21740702119733335
85,-0.1542518784835194,-1.4600062004620276,-0.5686597940686371,-0.6343532442337873,-0.8374362132474431,-0.7437260897392518,-0.8086704979953719,-0.35603672826113303,-0.4628840950388232,-0.9969311917665866
86,0.5766169292493788,0.3514501280992044,-0.6823311351888566,0.23469091300540224,0.3256746533994685,0.2343102274904618,0.35006991383782576,0.014309866993086198,1.0420960444971044,0.702361562831276
87,-0.1832976992515737,-0.0648496128472634,-0.7256614040488841,0.07282188635910525,-0.15697144757817363,0.03793389810628765,0.018306302825646735,0.027354849570538624,0.435507146618722,0.05887619210267886
88,-3.1139651240967585,-3.6953661260791955,-2.4149977926744346,-2.0719852110252526,-2.600014547271575,-2.5932164068221497,-2.015308589707316,-2.635170363379588,-1.9039706128080358,-2.2071946395274606
89,1.493568953928292,1.420546110199728,1.1392004147623787,0.46538820775023415,0.9724451923973295,0.5817507484642318,0.4065171116012357,-0.03476479228229196,0.6180766789891172,0.6267419805521158
90,0.6348484538524961,1.4899230910581331,1.7397064178786676,-0.03039609855428536,0.9881216573496748,0.6200274475771642,-0.36641011179929606,-0.12176070024411746,0.8390956877784668,1.4207161773963004
91,-1.4481349126646954,-1.0513848094580653,-0.9911242101938462,-0.7841981198723532,-0.7343162771336611,-0.7749337905954733,-0.37675137211495435,-0.5455225638930055,-1.1747881256432655,-0.7463282581874533
92,-2.246024262861803,0.29046539985293196,0.2162828337081941,0.10659587465105529,0.04352672525700582,-0.32298005443067296,0.6343197132068635,0.8671328574462879,-1.22395366880773,-0.7598160355241431
93,-0.6970701891888093,0.23916193621600126,-1.7973751924117645,-0.8819805312573769,-0.779102008913072,-0.8945648815375472,-1.4907600573527977,-1.2018736937330563,-1.2768930478162592,-0.5562327021149537
94,-0.7055474363195962,-0.43833294781402177,1.477232436357997,1.4623709485594152,0.6658864700660683,0.41949733269185535,2.185019101414285,1.7303764743982295,-0.28113829347608577,-0.35566891491512465
95,-2.3588809451738846,-1.6639669077675656,1.5976447458184855,-1.8688030965730227,-0.8741740013142744,-1.9973292389380726,-2.0339352554745287,-1.50624517774141,-1.3185061293377958,-1.0588281468650467
96,-0.24431366370806804,-1.0822658236834082,-0.8319067655224841,-1.0085698681377038,-1.2274334861136849,-0.7861086285904239,-0.0005584117980437168,-0.22249063036639682,-1.0856831276418104,-0.002337046734722067
97,0.8365652923924187,-0.22439009656593004,0.213741005391646,1.0638947387312325,0.6452956813977443,0.7479226105085851,-0.059033390346000365,0.21946396871783558,0.5123484441112125,1.0709839884099148
98,0.7748483480398912,1.6011712587497096,0.5793023364605026,0.5518338151839451,0.3691825317034511,1.005555008205934,-0.27892948790209576,0.23960165017932672,-0.08967480120546258,0.2475679706907974
99,0.3843709133735496,0.507774922630269,1.986507980121907,1.9248474864175076,1.4975112935064252,1.4914071970168794,1.9999959142802852,1.8680475975320527,0.9276045452443851,0.09516686372431067
100,1.2645734623351403,1.0375996466283426,0.9401601260526397,1.2241887198895363,1.2370830604740417,1.0246155713556846,0.4122460937817986,0.7719902335736541,1.0462294123072062,0.9994082832152533
101,0.04300071851430851,0.9121738115800108,0.9059427423634613,1.542518340895748,1.237447166270032,1.5320336050539043,1.7354097419331673,1.821326548382779,0.7854083410239635,0.20372674823381146
102,-0.810719515007976,-2.5538371414740166,-0.9008921115136065,-1.1906879411464426,-1.8195969699018215,-2.1635118219945877,-2.173318868561301,-1.7378659293784176,-1.7848374211072684,-1.792819261106869
103,-0.6889475030901198,-0.43329957672388236,0.5858401745733582,-0.36544267601444597,0.14255020335285323,0.23104032154171975,1.1102061787305355,0.722916768535681,-0.39008199335216387,-1.1694803549616104
104,0.46491199421490675,-0.14792790205142958,-0.30865633297170303,0.46544561693837105,0.47028377316276393,0.45946565758559826,0.5024858789370558,0.3183507367732579,0.35691624184215887,0.1379466194750685
105,1.596739007393515,0.5489488891669596,1.0386915879844374,0.2781919353636801,0.8116495375182284,0.6478809587260521,-0.8740346677427957,0.22456652801593532,0.9112717672937897,1.5686960284454872
106,-0.7104481834163633,-1.443655380311105,-0.8421556411090961,-1.2658796980535534,-1.4347645446886865,-0.6538867335467353,-1.1383806597625676,-0.895792831877271,-1.2391453219613195,-1.0803422436341488
107,0.6698929567569255,0.34705119946316254,-0.041904603417214886,0.3802294364641387,-0.014284504571413241,0.1819781697600423,-0.3428603922985223,0.12338572441282775,0.23742710278599946,0.5065240994787659
108,-0.4037137557277035,2.6501584267090665,-0.8225231370061378,-1.222963975463088,-0.5259314416395111,-0.28300613437947153,1.05966587939144,0.19266622920588727,-1.2198013879172382,-1.0068402491491917
109,0.3445440553660782,0.37373826339895677,-0.17364020007752148,0.13187657451257617,-0.12989581191260277,0.06097966327166052,-0.5266308534021583,-0.2572551357556649,0.3120621285354317,0.8038537181591894
110,-0.23665499419274877,-0.7748775846581971,-0.36967054336006855,-0.4183042052435262,-0.5779130751482929,-0.3227062886411771,0.2824050228107665,-0.30317751114149144,-0.4164302829179797,0.3023918767526429
111,0.8414533466911368,-0.28697699924012837,0.9478907685942836,-0.21212880941851137,0.18656567406865115,-0.17128848858166174,-0.8360513527008094,-0.3639544908494695,0.010734532899278055,1.1475847747776031
112,0.8064760693468987,0.6109669943688774,-0.39825328170737107,-0.4578421446208236,-0.07852663921659803,-0.2487598315349977,-0.9132895946830987,-1.045833008814614,0.04820466285665671,1.1563747591817515
113,-0.0725848292727391,0.5130931283766453,-1.3973031114347065,-0.8907842327089412,-0.627141454601745,-0.6514141310299731,-0.046653875888458825,-0.9792259757361825,-0.49002985160358803,-0.2834566940275912
114,0.05771479665762303,-0.5856821641547959,-0.9642315734538554,-1.5808771787996483,-1.0761011287225386,-1.3020469794318148,-1.5793262451167502,-1.482889952147382,-0.5614442348700799,-0.3120351797714843
115,0.16661150303774575,-0.09816722559499479,-0.43792531764714465,-0.1942392003663655,-0.3419512712339124,-0.04709002904974058,-0.47622872391217724,-0.6440289990072502,0.1264331883586521,0.3862592220682462
116,-1.3008674194958214,-0.18992668100969662,0.024365490496840014,-0.794743096857805,-0.9806602842071889,-1.4095774631947127,-0.5289000204070488,-0.9753896496258829,-0.7223201997626756,-1.1052948912316836
117,-0.4017461560549276,0.8226215985530735,2.3225204435223143,0.06733293259038484,0.8394516590571459,0.24752014997908128,-0.38154303462091566,0.3708306732012882,2.1094414648879996,0.8366942940742302
118,-0.79788221318493,-1.560719461713036,-1.3675571638014776,-0.8259638971481205,-1.199515198454664,-0.8781313780912139,-1.2982748542743283,-1.0943135384620244,-1.0090493824193476,-1.3100163714704318
119,0.06151695171552932,0.18175419594119235,-0.192991151845459,0.08504515310561944,-0.13974750012792594,0.21496043861000505,-0.8212490922051414,-0.22887526286729065,-0.23580091753966873,0.6387502351807508
120,-0.11771329408024338,-0.04529212156256053,-0.08101753718082111,-0.07702718323017624,-0.2786271422945037,-0.39152573431035126,-0.1974797931391532,-0.6260431701324116,-0.2192909734262405,-0.08229486602218553
121,1.7406302527305646,1.294716696452542,0.9572471257359895,1.6392392972003738,1.5645737398856108,1.35460644770495,1.8989035514398587,1.2278526042698406,0.9376629709542074,0.9387696039887398
122,0.18669166027990153,1.3480076547852105,2.2911523622124905,1.3497927325540122,1.2005775511353973,0.9922827222734828,0.24653138464924257,1.2918480260604566,0.30887541502706684,0.08784864379231555
123,0.13038161965799336,0.5222209454333406,0.6057931683123351,0.5792362489481744,0.16415135876391163,0.10098739467217382,-0.4765051120011879,0.6659254518532118,-0.7495730030803881,-0.09343887021205208
124,-0.6485032229593952,0.16928830014835303,-0.3540102236283294,-0.7456374611535858,-0.3541602897067068,-0.6812081207416805,-0.6986619663145758,-0.47914280462385395,-0.9528494039775447,-0.9495484101838266
125,1.7836118353688493,1.3717477592078393,0.5377875844725593,1.0999315526549907,1.5722462511018063,1.763187345475221,1.143114596931244,0.7777979515927353,2.118148714443669,1.3063929649032335
126,0.7861026325739655,-0.7599604681611866,0.17960070862404962,-0.3638829778704595,0.29587089792423826,0.12501512920117389,0.2081852630489078,-0.7223287105588168,1.4108240313495712,0.6549649117164205
127,1.8451348198587598,1.26757425937808,0.7112723727710542,0.24859900285401434,1.347948556539871,1.2931904021493328,0.6977134139912523,0.2963378607946565,1.5923244291449057,1.9583431399551026
128,0.5307039480308362,1.2444920265240353,0.7433492729909644,0.39024690938334716,0.3424618078668001,0.484706455448924,0.018427421289852516,0.6186738789030044,0.4558190438873798,0.0376747990496065
129,-0.6748832025819009,-0.4242732300200895,-0.025780910108310774,-0.31669067188507144,-0.405358198041927,-0.4602882058167444,-0.8209425891440332,-0.6320621497617996,0.26882027515554197,-0.2803257655531675
130,-0.9697786379601063,-0.7246405441972922,0.5268542162385887,-0.001561066465815962,-0.4293461556420938,-0.2888535071121132,0.36869677925901034,-0.29407664294181907,-0.06368585970265143,-0.31193078893259385
131,1.3148867084724005,0.6193340849448565,0.9072584770916933,1.5538427109918842,1.3556716669309152,1.5518486303849184,1.645376891993453,1.61697843747577,0.030024616042468925,0.5424790413212462
132,0.7831385186297652,1.0288779310453418,1.5923175293510377,1.0920145300973307,1.2257770418242504,1.3535622671345322,0.9590271143758796,1.2229582724235366,1.6858527175091629,1.0428059821720443
133,-0.8292558635513243,-2.0527713030715113,-1.9351182417740325,-0.9895753401086154,-1.1961238361881559,-1.276605815801495,-0.7211640022395338,-1.1890084686066065,-0.9681555591136306,-1.4954740952534855
134,0.8177649083360892,-0.2007597092103044,0.3164940923309377,0.7977236387697831,0.5186281500526365,0.5290295870949668,-0.37651720607606803,0.10742833590411491,1.1621641877466302,0.19007107618164412
135,0.5737308056421235,-0.3265940262564712,0.6204520395067332,0.33428880649269727,0.2675820888151098,0.21906828324179323,-0.14766282509080586,0.5317776847087838,0.8829391481235914,0.552303284237134
136,0.8429826987933571,-0.657535211105531,-0.45297600847310965,-0.10586070770335074,0.15537055135079544,0.3880834904709204,0.5801143866354854,-0.2892147018743606,0.9547776161736151,1.023399857142878
137,-0.2943205055375476,0.4426070793445744,0.5157268598137816,1.2796005674625894,1.3701850926833523,1.0512457611711674,2.005977868839429,1.784106756565294,0.08613229753106298,0.24334161848297362
138,-0.35983616609087654,0.5239750899852248,0.7428837398399196,0.5322870096641645,0.29254364465718025,0.09834629669254215,0.3431563458285038,0.8346683570970197,-0.0989519782833975,-0.18943092147048154
139,0.098958594731869,0.2855025012522713,-0.6941653994048602,0.2811303312809768,0.20233096078019472,0.1988467295983586,0.8148091688858856,-0.023648997170999345,0.06373168336744696,-0.3218256518567124
140,-0.09447200062897965,0.11641850323287481,0.6256821761015433,0.9122922979048195,0.41271874861819796,0.27122964492225,-0.238465727315638,0.6146159249538161,0.12366151333506006,0.7948973681641928
141,-0.2142568575789793,-1.4014711081223976,-0.060548416739820865,0.05852916234626445,-0.8769543602261567,-1.3584820271513112,-3.2604975445626683,-1.6456341479165049,-0.5736772744366475,-0.6437018718229338
142,-0.18860833774406374,-0.17696598663165694,-1.0584481951671332,-0.2129849703323067,-0.34907203747380144,-0.15424320490718096,0.15754255302743175,-0.685621823744624,0.2592279743510888,-0.10567509170544934
143,-0.08034276477024925,0.2921025367775298,0.15262328549607104,0.039742324175689264,0.2686318765077926,0.23406978573691262,-0.1869825015684618,0.037810911109761564,0.41711516034362534,0.09686594686352902
144,0.7107630071148591,0.1073879950029515,0.44218403578024595,0.5771061208252849,0.5624049683228464,0.6232734335995542,0.2924878237626124,0.15649421726558008,0.868136178671785,0.6049372869650894
145,-0.01775080063251952,0.38470981012098626,0.30162502654830936,1.1496989544992298,0.24788791424361734,0.7156411682145503,-0.2252682488671343,0.5997966342872066,-0.06056858801256557,-0.06704891266530802
146,-0.4487579305874048,-0.6756211939355973,-1.1943057948447848,-0.9509407488627094,-1.1547123700900346,-1.0034527145938854,-1.0118373207295959,-1.2935230670150126,-0.3425568339050678,-0.7486078722470288
147,-0.9746828836259255,-1.2025217877932977,0.41869905377131494,-0.4043572812843316,-0.5349840847011982,-0.545765298433232,-0.3426809626768882,0.5307781048465426,-0.4194397442428261,-0.9857853703069936
148,-0.026427120718428312,-0.8313051822088395,0.7403015029217774,-0.047794205631969185,-0.28065014157922624,-0.29171370145113884,-1.049750656210179,-0.17569216075165972,-0.547521484336454,-0.37968935309506924
149,1.5223940206342832,1.622153897749903,0.925878406242016,0.9683943200960968,1.597355030195304,1.610587959614589,0.7079575365391699,1.1005276774870916,1.7818019098979465,1.233497832796818
150,-0.8648892560196917,0.5507395095629742,0.7730926335997377,0.3547600387967603,0.10842958327676193,-0.18845325321865855,0.42945772526210313,1.3020439848328311,-1.3205747933875902,-0.8839215040460799
151,0.34295915529004956,1.291553412374693,0.5291593333932877,0.7473037377672384,0.5026873682948948,0.48666506020689954,1.0656823505033726,0.9827751359594411,0.131567644324649,0.1300172418160894
152,-0.9319914762868315,-0.45693099409048377,-0.7503237556172374,-0.8595732560086428,-1.0752154789504729,-0.9028102991087796,-0.1261094290825145,-0.5109060712394999,-0.508449641318444,-1.8065522946585657
153,0.9279850473331035,1.4104106597690593,0.053817319765330884,0.3000875492642484,0.5421440614479048,0.5689994843924425,0.35793822122601643,-0.1132075147375819,0.6187778193347676,1.1650452963425093
154,-1.0020984024062531,-2.0091985765415816,-2.0480747044349745,-2.327534098125395,-2.1819258989682724,-2.121460665155727,-0.3578669058400043,-2.283155823699755,-0.9616353641327972,-0.9922064945495732
155,-2.0855485486048853,-1.716179775028566,-0.2744544668819126,-1.0018608729858725,-1.2442170731184525,-0.8234923671160232,-0.7034468833528789,-1.041253269907326,-0.47067910108794325,-0.559457470560258
156,-1.8034157389796301,0.8691696568039823,-0.5695754559184162,-1.967802129489818,-1.6040274844035864,-2.063843805176224,-0.8690425537027298,-0.24955408284177003,-2.1083848889622563,-2.3979135047004014
157,-0.10165987127167384,0.5687408202163081,-0.20451051443275514,0.05178548401199024,0.11094554430518905,0.3976071449478509,0.44287453141830174,-0.08628476854578089,-0.17167234136662166,0.3400570717666456
158,-2.5307927542851902,-1.0181088035827732,-2.867702349623697,-2.0914284108004013,-2.1643330737914352,-1.9807389025533397,-0.6836388778687602,-2.157036158242229,-2.23894124203666,-1.013944715110403
159,0.3763672900921433,-0.46704259219991817,-1.0816501449975788,-0.06314930151511224,-0.05599014868751935,-0.11366648500562117,0.705184677900841,0.16329239159118697,0.5012763498379156,0.24417375046546563
160,0.7216551955949205,1.5890218123818118,2.1090019593203464,2.376004785284036,2.4053600209212305,2.2836642732528434,2.225697626160823,2.393945612313584,1.4966135665983449,0.7009577051002822
161,0.5230679647146399,-0.07940319370601294,-0.9622178512592748,-0.7956325550389991,-0.18250124402762505,-0.9226128707219234,0.27172166109723556,-0.7442345441793509,-0.4294599049653624,0.6613046679882147
162,-2.0005419963476228,-1.3262098679403427,-2.9820685321944955,-2.676690596734038,-2.635602085552185,-2.8103430678510097,-2.9846871457315833,-2.9556079940694846,-1.2408494183042087,-1.871055188931995
163,0.37244784689407046,0.05415710527471751,1.0073592014821349,0.9350602898940317,0.5021426984303706,0.606481925343451,-0.5702034479227406,0.6194442111792238,0.7115825269167536,-0.028980480691606275
164,-0.32634906118822193,-0.7710996357083942,-1.1182928998319326,-1.2528558392030067,-1.4047150981343601,-0.8728196095447435,-0.6402111514215184,-0.8061707712546053,-0.8739329708428815,0.23448018979510876
165,0.6623567630026495,-0.44345740580334697,-0.4494939669035028,-0.3892569358529611,-0.4969758303299859,-0.26794981279182795,-0.07486836800188462,-0.13132052966846344,-0.1662481627391891,-0.03795621422923494
166,1.2455523595675149,1.7014842154461587,0.9891214198791375,1.0769638674504898,1.4618912164680895,1.302221154877126,0.8569689705088159,0.5512093817787105,1.3021245070616674,0.9943948887982262
167,-1.3076840514687817,-0.8615183680651484,-0.5960011601332161,-1.4286461754040025,-0.9846332003080459,-1.2448460307330416,-0.2792610988462379,-1.4137757812912777,-1.2515000931936464,-0.4669239160997324
168,-0.4393310123914316,-0.5741377397974181,-0.5321495844233805,0.09473114911712573,-0.3229912448273422,-0.20941053054137543,0.46296472116565623,0.04573405220355104,-0.019829094545753722,-0.30523129112501635
169,0.03916869730810938,-0.10507517708111956,1.0187025296979202,-0.3365239398734674,0.061008762216881694,0.03143185090282548,-0.16441985989835325,-0.14357698814478945,0.5096895840660739,-0.018584070029537006
170,-0.011199763150606903,-0.5288878779342449,1.029594272290618,0.5205734577620243,0.29333830604521527,0.2643820891584433,-0.23437914674374352,0.337372900352761,0.14110957133474183,-0.6867908118728933
171,1.190535068798846,1.1838394235234282,1.1729829332904675,0.21219655569434018,1.281124353711339,1.0367051836234686,0.7239996591118284,0.6814604459803271,1.5447166707768494,1.56306301781779
172,-0.5778943860990493,-1.889289852177831,-0.9679148970049359,-1.1944579129335424,-1.892951447920303,-1.6045671713039986,-0.9946243647687776,-1.1450985813828196,-1.9235200254788056,-1.5264262384137017
173,-0.36177701456603223,-0.36195025735804337,0.9205321166453142,-0.739865340076763,-0.2871464346635872,-0.0914348345076068,-0.2107267941375608,-0.8387807709921863,0.5945443527451653,0.5127715681397463
174,0.6400848019687891,0.8897026235732438,2.0499428977226564,1.8558183797991312,1.0153621016695908,0.8115832513303559,0.8739047250415531,1.6238460802340005,0.8264340979189837,-0.12931048482819274
175,0.982901757324758,0.44140503290899896,0.4502767213784882,0.45735292358837976,0.8405648664926452,0.5597789125718635,0.2777533015931689,0.16570740171074616,1.0017659799142216,0.7380590199368116
176,-1.651952939533101,-1.1844510309831988,-0.4758306955583509,-0.7604491809590171,-0.7988852205028377,-1.2051326309420807,-0.9865120604793707,-0.21492847616221483,-1.4881500349833865,-1.523140468967349
177,0.5409358815705338,0.5963748107657935,0.5963493139518737,0.42733918245398766,0.780507308387194,0.6647200813072338,0.7250317862869308,0.3433952926774513,0.023810933049008005,0.7731864073954754
178,-0.6000519643277442,0.048896484052289704,0.13420159777071713,0.10204822324246626,0.7072418358304203,0.3785232687078785,1.25938547442482,0.8834707137482781,-0.30058083892236276,-0.11608052775107258
179,0.0486567171737821,0.7032838317411786,0.6869137639079524,0.8232955369869149,0.2365092903205604,0.04901246682228751,0.24774667103951817,0.33047144726217736,-0.5340943333972848,-0.35172521910516
180,-2.1324444270821585,-2.3372706505314125,-1.8573962777765587,-2.3238432746247693,-2.560011949119587,-2.822965811930384,-3.883240535819665,-2.1633329697735144,-1.4129911812499,-2.7772895593459217
181,1.153636122316769,0.653424138514252,0.8819257647352162,0.4978906163035456,0.7189618523351358,0.5372030000515982,0.3988629691038671,0.32367961529694494,0.32519723249267823,0.18325525185932476
182,1.106789714020717,1.1495094607762668,0.6117386093094124,1.0495740578465569,1.1948812316352948,1.5284219472805909,0.9799642967254847,0.8675950163350337,1.4353489431710962,1.3899037420653406
183,-0.09451416005168169,0.15574572406966722,0.3103280562869656,0.33118098980014044,-0.06923301985143916,0.260845882288161,0.3150470679383947,0.3027032895721706,0.28310970953789727,-0.003387231915455555
184,0.7348342461373678,0.20103381091484757,0.8492180708764616,0.011565980047490165,0.28344295330246794,0.6153843971547238,0.15530292192126918,0.23497708193527428,1.267648051541823,1.187767473397869
185,0.5827101043839411,1.0041692223956136,-0.08239841727815474,0.19882114345956578,0.36759656112636857,0.8660006780924856,0.5076218124234967,0.20903295584257406,1.2388987504353368,0.5323287248707864
186,-0.9969453542714237,-0.02885546327964735,0.5389592153067044,-0.31333002979596936,-0.38074503291520817,-0.6061224913544542,0.7881857093326065,0.8891180944010043,-1.6377662914658704,-1.1964772492408051
187,0.029762993919137056,0.13276372863299116,0.3962544365559672,0.7365490700097636,0.14569078412139885,0.06851933818148284,0.48032227285073836,0.7643457435429691,-0.6315243155876554,-0.7501547768553372
188,-1.0286513629508092,-0.4104863366059676,1.7481890850615414,0.3916030190728069,0.016055122878229296,0.29220964812335193,0.5552847304061508,1.2663701990784875,-0.11101555692451234,-0.592180786016332
189,0.06017865536561763,-1.433998156386325,-0.24671114997699017,-0.40427723947294514,-0.3629371921320233,-0.23252626482923092,-0.4198267775794224,0.15981077950292835,0.5962824471990071,0.560001383140835
190,0.18793855790713943,0.4122111263572735,-0.2473741901058454,0.31812055739348816,0.4767594281735526,0.5497732186541017,0.4546506135934667,0.4627060287218019,0.7101663212179306,0.38856600855383905
191,1.355340196581432,1.0356234058137648,-0.6517425926176631,0.4411526959191064,1.2362322439681313,0.9020996112098563,0.3462028578132981,0.004604215829432034,1.0822519782553663,1.9413671735098528
192,-0.4825505407454104,0.376810908348131,1.2758094589843172,0.022715056084247683,0.6882874170265375,0.5932121161239792,1.178399833153872,0.6109773240372187,0.7044264262623534,-0.23205966243347328
193,-0.3058425438076234,-0.5061025129355047,-0.26888824825501034,0.2835801428814062,-0.08934334637353568,0.04967164620443982,0.5514324044589339,-0.2648889302654861,-0.3334642595131951,-0.4166149605793168
194,-0.0063273956292809975,-0.8348426812266464,-0.147063041515266,-0.7219707725941013,-0.4056013949844012,-0.49688023579717094,-0.56159115959136,-0.30594466396892617,-0.06898681045932702,-0.1916987263496687
195,0.534096585954196,0.1991833874966436,0.17016164548101026,0.14321273122962,0.3903406007585947,0.7022077625255171,0.05905971555682293,0.11457077419585762,0.6817851273104254,0.07403984322966473
196,1.6980969954207878,0.5996493359902249,0.4337887231120738,1.725741003044966,1.6969390515792733,1.9661394895259512,0.5814014176298805,1.3479695743427502,2.223447814115781,1.3589996281166918
197,0.9014994586375965,1.9572242251221004,2.1034711340932635,2.9859344105022014,2.3480056442373427,2.0165856759278267,1.913068583879361,2.9875549278366615,0.7463934166787213,0.6087105834489838
198,-1.054521970755746,-0.03318902991054071,2.352413856583817,1.2144927158752559,1.4561015544727727,0.8519432019441915,1.8565542557938228,2.71848998216354,-0.33937467300473295,0.21434176332875574
199,-0.7693911381216237,-1.314743273250341,0.3689844199535744,-0.09973161492403264,-0.2937647342893211,-0.1409020830550694,-0.40137906983679383,-0.31942343455936106,0.030204695250229754,-1.313979216332871
200,-2.551333099065258,-2.431597001990272,-2.5409355410754872,-2.5996457678685765,-2.593651544221895,-2.913475274002687,-2.4428576632125663,-3.01600242970696,-2.2220474932328425,-2.264317968216756
201,0.12049733545551641,0.5958052704751927,-0.956777934850454,0.3078831456999243,0.3962181594135279,0.16111743529948985,0.136818480613593,-0.24387032814715354,1.0149748293940537,0.02355283914500896
202,-0.9554471911008471,-0.9285618747558123,-0.8373611998850756,-1.584601920339112,-0.9819727382281109,-1.4776222254612321,-0.5463310929559048,-1.9005277573737511,-1.2103869499086608,-0.10049590082618229
203,0.30458946890780775,0.5164602865421885,0.9329314845815257,0.6764483473475797,0.5693664401773614,0.5583719680065693,1.09221357262208,1.1185625281223928,0.6783503821585276,0.42679177231551135
204,0.042535975998261734,-0.5435474050291962,-0.14988464164179044,0.29359969933727936,-0.07245586925892562,0.2229083993494193,0.28889929544042253,-0.11440517939986748,0.15488649695591886,0.1912009294954547
205,0.8918139181420118,1.5041229427837388,1.0642896908297796,1.7333006729738099,1.7880259289708953,1.9387311347210496,2.055848647135515,1.725028081204245,1.6689685392083624,1.078126310428955
206,-0.2815210267262697,0.7678277235888752,-0.6435953587338897,0.278296077382117,0.4830914403364409,0.3019979173551774,0.577738999677581,0.29636230573399897,0.29945380342135997,-0.2303682138707155
207,-0.025396184239735956,-0.6565708996901742,-0.49714731561564096,0.15400604695228653,-0.3413715039282849,-0.6139453448325143,0.6668190677920474,0.12477277570996877,-1.0379045817293817,-1.0616914473942956
208,1.3395184884283782,0.5390319650878382,-0.5751486481961733,-0.2806573986060592,0.2330637482533796,-0.5013982113158113,-0.19659247644059172,-1.0608727372300368,0.0320665774904938,0.054890314986592866
209,-1.3956000388991354,-0.8666112054642497,-1.069769055489787,-1.2125798429997228,-1.351170699391867,-1.4655722314953123,-0.5494674758585115,-1.2834974689641978,-0.7904773929716153,-1.5236107873231595
210,-0.40787751008936873,-0.40925021675206935,1.5434663659127084,0.9469987568833252,0.8537554448785506,0.9890082486107555,1.3079937791086058,1.9431438527122842,0.17825437520856247,0.14399377114644857
211,-0.27483223606675566,-0.7150242833760103,-0.715530134247078,-1.259556454305427,-0.7264161602234704,-0.4882929879878334,0.028129330026124215,-0.8418813189677096,-0.30764189534397385,-0.296346267377785
212,1.675383127412023,1.5303759473592102,1.3432290433182486,1.680392842280676,2.14158876236214,2.1215963212224307,1.623106346255141,1.3623159205643174,2.6358431481057916,1.8600212232450541
213,-0.9902671469830661,-0.7693771708702728,-0.3652900794585545,-0.3554973669834419,-0.2281764348683156,-0.5012912935719812,-0.560006971790533,-0.02721652132531607,-0.5361405274075945,-1.3109742422224238
214,-0.4992576490267609,-0.641192649965114,-0.029829515036692136,-0.84925744889806,-1.1534495626398003,-0.897511233773224,-2.17071698132334,-0.802093282704446,-0.5648959312944632,-0.6117920307542394
215,1.1611079569684768,-0.5922991765056325,0.752817282291431,-0.19601120106308054,0.4910145556770719,-0.07103802006840569,-0.866907620139203,0.3588211401688936,0.6195216533153518,0.37536774435845444
216,0.4662276764682749,1.0932213182814237,0.10415213749654283,0.33197046678760045,0.8210402742563272,0.7478858143808723,0.42556103321471933,0.3080121100037139,1.0636823102897648,0.7963153125530607
217,1.266159592435763,0.39341165875186923,-0.4857938659865155,-0.35436665001277573,0.12426563137594994,-0.0709418268238732,-1.178847825999776,-0.7693194938018191,0.7986709211194576,0.3592029348622218
218,0.6693186727984184,0.5636124646674047,-0.494344701961111,0.1834069922554324,0.1174514988417864,0.5083543582610831,0.2609141584135676,0.030295076935643515,0.35842556664528313,-0.2560604599927208
219,0.9200647885547222,-0.1562992213919377,-0.0034651974678383064,0.6490391993917198,0.5386120168072476,0.5659816495836679,-0.03333061723827896,0.01699453987090281,0.7467766454797233,0.3253425048317798
220,-1.2708334077966634,-1.0201672957606458,-0.6729862483526369,-0.5440637255822126,-0.8879284512314769,-0.8540606275706468,-1.5769531213446288,-0.7834961064651448,0.06400282123447185,-0.7776747617510892
221,-0.7790175312823322,-0.6326508342317987,-1.08801285141709,-0.9940111714253022,-0.7064060243623898,-0.7325577968239052,-0.3211867412453522,-0.718104586812061,-0.28994773380841926,0.01628596714776911
222,-0.8092146422118163,-0.7151351871169215,0.3235395695125606,0.12802328909230093,-0.1071430756560102,-0.030672996889193196,0.19225205563997075,0.3375292639682665,0.08483926131732775,-0.5237777585322386
223,0.48406377670813105,1.0730493021885732,0.4895715231171928,0.681841565516238,0.9709125876400775,0.9160421968750447,1.10251703223906,0.9117304021930515,0.8029788348990324,0.4930140815607756
224,-0.8400263958923124,0.05408971815766764,-0.7491850675869335,-0.7076028896703506,-0.5131787962795883,-0.4803859568899938,0.7576222100503525,-0.18794500326582644,-0.8867389415613969,-0.5290609480806584
225,0.8953368964759647,1.082740635234603,0.06308704141196585,0.5653418340164567,1.0217791590391296,0.9144396202006333,0.2756650310022306,0.6365581678215522,1.497409105898662,0.529513414394138
226,0.33965130357609585,0.21104685665143783,0.8697153347542849,1.0787095476098894,0.6082872020852819,0.5236946588570076,1.5148140034122322,1.497355125980582,-0.4726601928557117,-0.3990764128765306
227,-1.3375522320103994,0.9287730354800876,0.8806105848049306,1.3916779973138902,0.9275343112139407,0.6571534258068401,1.7113396973095016,1.5029231414032755,-1.5459323627153478,-1.4939905832296432
228,-2.8270602771639566,-1.1654664135121888,0.19526072843419395,-1.4901409802853263,-1.4707999839572123,-1.3180434060540414,-0.48920222140398684,-0.5783751219530644,-0.5377513743537468,-1.4328233175472591
229,-1.9974072855806029,-1.7357830809562727,0.07212366481324771,-1.0212877619169503,-1.1233916576875005,-1.485910374005173,-1.434348707220077,0.3340477416809488,-1.8880913697579342,-1.5749108818440634
230,1.8895469770505449,0.764703489766458,-1.5332694214771247,-0.7578656773732393,-0.029256252313924765,-0.5456228349326562,-0.162599315451391,-0.8703986261322308,-0.021206487211478154,0.5294841025509204
231,-1.2410193367839182,-0.037472445285846666,-0.04617168288101223,-0.30986169872693325,-0.39668858511687205,-0.707630008389501,-0.5850743574221334,-0.7167803837875553,-0.5651555101963023,-0.598989720583179
232,1.1731118439244397,0.6034497756291035,0.9027731782320986,0.9797657963551378,1.1317199787287262,1.4969879446283094,1.4768446257368824,1.2389780322450492,1.1585007365157394,1.0378523912566917
233,-0.857577516510481,-0.44255359362140223,1.6357581254509426,0.3232538233437474,0.64628500628131,0.44331410468402777,1.1468934361065477,1.7900362575892392,-0.2371796584056332,0.20647567217763865
234,1.0278655210883878,1.2250408708711724,1.7206124766786879,1.0883607288485846,1.527568240815159,1.2538547482698004,-0.14049129455123704,0.2490902144670493,0.4383367888466069,0.7914215326187122
235,1.5279570259608437,0.40935148211131395,1.4731956137339104,1.6962601689080012,1.5134815977111828,1.504350243996597,0.043624109800934646,1.2388667137777862,1.112403066139853,0.5526692623325268
236,-0.019024450917008204,-0.5435002672587949,-0.027500719368384892,0.4992022974671639,0.07384738743915213,-0.004607954965988295,-0.22767157939397475,-0.012600259417089714,0.7653601137943197,-0.30801235863280163
237,0.4300472214921848,0.08518538894329636,0.7345262389996139,0.5623111636745722,0.45373434928959383,0.18614652133602844,-0.13498892707122706,0.1221514243700493,0.13741204119031425,-0.07289829245003135
238,-2.1193132013865346,-2.0142112346361842,-0.6558447839660556,-1.0880393272756481,-1.4171384725155929,-1.7576003335797201,-1.1245939934597662,-0.8687391889838498,-2.1806249255429737,-2.7759719449117175
239,-0.07075343673641782,0.03703899911064762,-1.2923159921758156,-0.9805830914017383,-0.9406137171212214,-0.6116709298852134,-0.3767994539562168,-1.101428214671627,-0.16012094223427192,-0.09717073477099568
240,0.3999859404795983,0.15026156253037548,1.0019929294430192,0.6568770668225089,0.5198984848790658,0.6730824259887227,1.197753051792439,1.1945848025987156,0.40130895102724595,0.5720702406483343
241,-0.892379485329987,0.47373115720391235,0.006693231829306212,-0.29983317515922653,0.18324865058474046,-0.5196757934574406,0.3531750407096883,-0.40272388261435876,-0.3192520300216859,-0.5128424614902934
242,1.1191329824807932,1.379920603974313,1.2808847863352628,1.182479543753265,1.4874285318144131,1.7117699864844715,1.3175146063700716,1.6094818881136865,1.9682453417354178,1.2221302766004487
243,0.2826211284094897,0.5166118481067297,-0.5361507949660377,0.8231607663101759,0.8738827384444553,0.9472642150606071,1.3928712502629887,0.5912289302506977,0.3715564573908438,0.879653497468902
244,0.826209521515271,1.1560610006186354,0.6348306362669195,0.293075174215335,1.1211344210344538,1.0020676777667985,0.5549884034778231,0.6079861119565828,1.1654551622031744,0.8070727303311197
245,1.0181790030257838,-0.04132565950290617,0.819213597537083,0.9108340367508445,0.30179842047748834,0.7640462374235557,-0.48730006983819035,0.4557215967390573,0.646869558841179,0.6780679670592303
246,0.8038975812126458,-0.5570092280007239,-0.820089155579053,-0.20057981339298023,0.17967684683961851,0.03980398508319675,0.2642408594089545,-0.32193657315179686,0.9238492463399728,0.7762355366005634
247,0.17570493812068255,-0.19142212556776964,0.7663992367728413,1.034283940362962,0.1663400129190077,0.2936499322260804,-0.26400368209656,1.4936551171677674,-0.38972303816729614,-0.5056244235851065
248,-0.747892392653472,-1.2017910124878042,-0.2922002858466779,0.3362476455330467,0.05492115774238301,0.22851756614776286,-0.043350752645735645,0.5367620718360804,-0.07441324489700336,-1.413335560259279
249,0.568806713473012,0.2048006966857534,1.19621935326,-0.2265212866762591,-0.08335759839999823,-0.5605850957268528,-0.6755422293299355,0.3995869258983899,0.05115402603681427,-0.47200626850008265
250,-0.7570758841995238,0.3082984556831681,-2.630233492619396,-1.601337751647159,-1.103595564509447,-1.6290812641623815,-0.3531795937378038,-1.4995324725437102,-2.7332391808436767,-1.651534724144962
251,1.5403981402231373,1.4599962520796594,0.3530522620936687,0.6427615787153674,1.5041901254101848,1.0586175471751955,-0.4093209571937521,0.2953611812031696,1.0621378071662406,1.327967192143414
252,-0.34509120110346764,-0.47177819018188744,1.8229718213705888,-0.7913283694530886,-0.2400461888041429,-0.7751407653721982,-2.3345980386305243,-1.2108803468020097,-0.22681402829752642,-0.1499823125130979
253,-0.10091444992514388,-0.4298540361862518,-0.09151429765873934,-0.3672747290746447,-0.6242948043175371,-0.4658178145589712,-0.1481972866659698,-0.5299542071732393,-0.30218409758348225,-0.6299557878631562
254,0.7706935210193022,-0.3068049178378764,-0.09222126292074354,-0.20654595314796417,0.16718866887092176,0.15851075460368674,0.49691222998733325,-0.1856998485954219,0.8685968232967126,0.6961440724994354
255,0.25608367175051044,-0.5753451428789035,-0.5819724975681728,-0.3638661576931034,-0.22395961465709477,-0.47339526451666625,-0.6219246258200125,-0.9210387129570794,0.17539400374258804,-0.01859500491910152
256,0.14915485934892236,0.5832672439478259,-0.5552298886011301,-0.4849106682942915,-0.6192890833048126,-0.2649299168319179,-0.31755164257134466,-0.6163596918377202,-0.013606381387335567,-0.405208361264183
257,1.621479147628964,1.402708239676896,0.22683339932706204,0.08009707245249695,1.183632765131535,0.7917986076223272,-0.32484154839437546,-0.32187001803289395,1.9019155599303583,1.461787590240832
258,0.08456472216263625,-2.0370388895031364,-0.8675140811970918,-0.7494539124337282,-0.8352054657085232,-0.654541962728311,-1.6173667232478657,-1.2156847192390217,-0.16081830438231848,0.30053928682955117
259,-0.6809770775740368,-1.1007221815418524,-0.4946931004123621,-1.4371274676532,-1.5890579528854627,-0.9621379677070515,-1.4098516394136207,-0.9958184243334866,-0.565801538956696,-0.2861814659665087
260,-1.1354549222590882,-0.9574311624591384,-0.33420517871709704,-0.4824359643723157,-1.2718298605368168,-0.8559178196022058,-1.8165919992075572,-0.5884037608512842,-0.821913782637302,-1.0461007691892814
261,0.08627255233959275,0.9576847143566529,0.41344067486485975,-0.12643903029908335,0.38556405074065436,0.16822824572300252,-0.23462744266737062,-0.2539106725112059,-0.01191395982527538,0.6262501627337574
262,-0.6995152848366,-1.3353243761779763,-1.42621913777625,-0.8332161265191013,-1.3642845716112644,-0.8691912082302647,-0.20158831494377058,-0.3552186666810586,-0.36496317392695626,-0.39445206482238676
263,0.9741399323820119,0.39741207447580545,-0.21958891669569025,0.05003381282887076,0.5459459582147781,0.458069014347253,0.23255051840561416,-0.2094746781278475,1.4492710989806057,1.0203162065408096
264,-0.05480867305680179,0.2769081485416443,0.23518275874681815,-0.6401898100449986,0.07484586600719362,-0.28983159361849087,-0.8170610630495106,-0.7014500770386913,0.28734168298407964,-0.22057812163529947
265,-0.6075362568481621,-0.5604652918119383,-2.0842393177905487,-1.0784230357431075,-1.1754011877984087,-0.7949346705015846,-1.3328370766129847,-1.8110258099450032,-1.2579846731045456,-0.46410397369453404
266,1.2239692280865209,0.07224593724153563,-0.3496772410649862,-0.4795999087533437,-0.48715275421663917,-0.1401786697777942,-0.8913282912100174,-0.697052678385495,0.07867056876332258,0.5758916941288484
267,0.4889614776750451,0.35422684302911966,-0.647456070401898,0.4103246474354258,0.26534463255156665,0.6821095948404852,0.5507260248971135,-0.07751940228185246,0.6123076473136185,0.25271863073025536
268,-0.5340449959196495,-0.5119211131975477,0.10618177830276053,0.35562313772779075,-0.07779598260785082,0.3106577171699649,0.7512310084767327,0.7154891613103669,-0.6392771063472017,0.06314350769427224
269,0.04432673424770944,-0.08577827620343267,-0.17720865589294615,-0.29493480226180335,-0.1814294279949847,-0.02788995802539373,0.3505977616458937,-0.2526442668608849,0.29491690379680224,0.06233120527228901
270,-2.2272691503265984,-1.8092033856858274,-0.8816398786373331,-1.9517793652696431,-1.8821246517431818,-1.9356688581775001,-1.259978716192597,-1.6713609823587483,-2.0903653356875727,-1.8608369073713678
271,-0.2606674950944939,0.21759601689931193,-2.198464209138504,-0.3974202566690007,-0.2371998325947893,-0.12878747332749502,0.5821392454045006,-0.49797607178004083,0.3741877645699903,-0.3336053470117487
272,0.8640097223467817,0.9464044597979038,0.7432600934664008,1.4564503152667292,1.1827159425174292,1.2132492362630525,1.3060370615778585,0.9761482582022265,0.7805866829553262,0.747895329943848
273,-0.3439135248158059,-0.24505440795992384,-0.03664239152442623,-0.4860762479451312,-0.6798136570326028,-0.7951163100541295,-1.1598988699335742,-0.11395387621352565,-0.793647874662019,-0.602613056313536
274,0.6345864445919549,0.13592775117071904,0.18871825664834868,0.5291770985980861,0.434730430035185,0.3207770405870853,-0.037166545270959445,-0.22838704956091027,0.36080041341354047,0.4959111455411135
275,0.9941044582370341,1.931670058523771,3.209068964845723,3.170681926793078,2.450519395443327,2.1811601266915837,1.6625621864474978,3.217110187651893,1.013171946254525,0.907001044804314
276,1.5931843355062365,0.21930807963409754,-0.20269479117055883,0.7057680054082238,0.6959342289151109,0.8883491560624988,0.09387526644081992,-0.17707137476882034,1.3863963355619158,1.321310101330683
277,0.20518721858662473,1.1216865713524604,2.339727897607175,2.7175101616429185,1.289711010960574,1.1142956273098976,0.9217060513035562,1.8294954327698825,0.3146339140510054,0.025730167170255933
278,0.31568302804319537,0.35163421568006925,0.7796666339885354,0.8117769421783052,0.9765713225869305,0.8850189351696827,0.8028973319261266,0.9386613788635794,0.4265256131851243,0.5867591238253302
279,0.8873501268007611,1.3350140484987727,0.9670766430956635,2.1531231804785356,1.8046532107675382,2.1160774311427533,1.312559038279278,1.418082562089213,1.4334311083293227,0.5590418763641414
280,0.4603354311540923,-0.18021710653368087,-0.807519181111467,-0.7126077268595394,-0.744051701229306,-0.7358362880269577,-1.0740684973445562,-0.9262431301273194,-0.5796064000754683,0.16119570409317083
281,-0.2721976048577939,0.3975300904563967,1.6490179871600257,1.080552808660028,0.37777354966123117,0.7876426041489591,0.6784653925698749,1.8469096848057724,0.35085959420535234,-0.014851494207033609
282,0.8810379595129734,0.07430386153069525,0.02310489509445304,0.37984711664934684,0.5317616450248063,0.4851201060538186,-0.022347436306259547,-0.1258106910383594,0.4000171548539028,0.37912700606046323
283,0.6013206876717826,0.6866485862237454,-0.42094621193486037,0.001110912333113571,-0.17881141218045082,-0.07888864569932004,0.6789863661903978,-0.7635877489121976,0.9364490732372737,0.6384445857490972
284,-0.5370860394521018,-0.8923683944649689,-1.2017478592762825,-1.313039599712439,-1.28808185353502,-1.1948919823156807,-0.3445545751283224,-1.1952446358943527,-0.40889058059797107,-0.6263719597721902
285,-0.289322761166914,-0.6107007867789486,-1.0557647134771015,-1.2299095511042144,-0.8790270161040291,-0.8701702517699619,0.1359164944325126,-1.3490930725244286,-0.9197924529882735,-0.1738093538859665
286,-0.31093656035319805,1.0920489535814195,-0.5943747664758751,-1.4219147230145923,-1.3014803996189956,-1.151840887085141,-1.3694467235764782,-1.0061326519372165,-1.251507385663411,-0.3794372485923312
287,-0.5485313109414781,0.8859294006003909,1.1683033702393393,1.0542013078178238,0.8156465404659649,1.0343447297895167,1.7075540144487322,1.7472592340063196,0.8773958755449219,-0.6085356604507122
288,-1.2395492448578178,-0.4461696572097552,-0.32447481349097496,-1.2672809279404194,-0.9005032029044951,-0.8376441562540594,-0.8273395432751107,-1.0636719007555477,-1.0025101931741098,-1.45233030419346
289,-0.14039963953596651,-0.17181130803084085,-1.029441583426356,-0.3128208558284714,-0.20319293457249596,0.04840474651264531,0.3483707099332104,-0.524607002506734,0.8197958225578571,0.3678878557772286
290,0.38540860863426185,0.2945771420353149,0.507441960268623,0.7037198404562971,0.5850457814058037,0.6185828285681019,0.8289405411946974,1.193191207472321,0.3464429323276838,-0.3576100293537616
291,-0.10305417027672638,-0.4191680624136344,-0.1975611345166305,-0.41020970271866924,-0.8378501204866198,-0.6115758498393332,-1.2771310830940106,-0.8208889906828356,-0.855442738570677,-0.5423809510897679
292,-0.36219883740206,-0.8448033806602838,0.12175543873803751,0.4323656968215108,-0.18288159318839456,-0.005912750210610605,0.5653727192440348,0.8119017506166546,-0.13802312934291736,0.12467359358297339
293,0.3186668903273644,-0.4914075005071031,0.19289587256646595,0.831041631998937,0.1338392862208702,-0.242463016910899,-0.38165796104871363,0.4378918047693425,-0.6371616422552343,-0.4669238433620336
294,-1.3124691628787675,-0.8837529896139721,0.6367337484990988,-0.28727164624712914,0.07244120654321738,-0.04008177651665201,0.05367547622741526,0.5004311695996818,-0.04604883005855391,-0.39491877335264747
295,0.24908760025655455,1.032713443785814,-0.5440077314723265,0.13807177360062933,0.6806460930318904,0.6262701921793062,0.9631711925326614,-0.46208152786197165,0.444442059790571,0.2910810638763524
296,0.06403699609416139,-1.7117541205321676,-0.006531096470152753,-0.09222291424042832,-0.5571770288606058,-0.5030786327135497,-1.4603893124809362,-0.7238589091174215,-1.2004584882413125,-0.607331698823098
297,0.7959770460545258,0.28002640243256893,0.17784528955699522,0.8599536175558438,0.3797465173059527,0.44631985137475577,0.6308017714988029,1.4612202222268302,-0.33219923672916946,-0.518260260418236
298,0.4329458432004546,0.07051132469844762,-0.13981686470488813,0.29758511425300077,-0.1050942705185617,-0.10040831633967609,-0.1884371556169032,0.12558357623014427,-0.2674317662808206,0.5068113804210302
299,1.4344266484210146,1.7374706750701119,0.9680224023113919,1.305127826050036,1.6512605930909348,1.4776972419841063,1.4960982550579003,1.1832959346418717,1.604463263171166,0.9940816794228572
300,0.4497108741060029,0.24879847359791973,0.8203680281582704,-0.68424612776227,0.07932463861131844,-0.35159492682956595,-0.910743497535966,0.21849400386511703,0.5401246567567665,0.5177151097221878
301,0.36455891514241867,0.3865062599323763,0.5418718625798874,0.8295710363203914,0.9406678807025958,1.267450072208317,1.449268807399483,1.0160162778699198,0.7670114198272248,0.45271267031588025
302,-2.2115889347849818,0.46008744034551835,-0.5324298271956963,-0.5825330323435097,-0.624519093011039,-0.6647786756014238,0.35686487673711476,-0.4213546474001701,-0.16716460738908998,-0.47844795964394593
303,-0.6220093973974109,-0.15216929721990932,-0.0008576370986629831,0.288939604721376,-0.7786496475337843,-0.752887230808432,-1.2198250566829765,-0.9875969529467069,-0.3627928651508195,-0.7631634334806989
304,-0.4338668993160672,0.9620053768199184,1.273650197533651,0.7028817197952352,0.3118620767185685,0.17216020145523878,0.5947576986981836,0.8072116986120852,0.6768072548521485,-0.6705276903777333
305,0.5958930154420344,-0.6575377309446444,0.37998933794355544,0.25545293921963397,0.09623351036648312,0.09766545666804131,-0.5126967095912478,0.23264668284688236,0.4092563760352614,0.6768957315682914
306,-2.0043907966498766,-1.4618535648213353,-2.0421420707712303,-2.07477736944892,-1.5810977417232301,-2.0315553284831807,-1.1658376637228052,-1.3820256859541344,-1.7541519282850964,-1.7707207172884347
307,0.09286746483251856,-0.4518536883247978,0.21574117290735537,0.2992090321896648,0.23530445320048624,0.28616935500725965,0.19045844565470446,0.6537140418580971,0.2584781581982771,-6.812598683954753e-05
308,0.3850314942342956,-0.41819423973596614,-0.5742349764354543,-0.33890193754547443,-0.1126301144166342,-0.23674167774670338,0.312374573359133,-0.25998977307565824,-0.20138845115805992,-0.3407785153143132
309,-1.9481135103832083,-0.8578038733823468,-0.8498345383951449,-1.3609811245185914,-0.8786241356169671,-1.493115273440624,-0.7667503709234004,-1.0892855880813308,-2.112633667914397,-1.8252519520853085
310,-1.1502322139734642,-1.0185490018924814,-0.6345067146971558,-0.9610591076273913,-1.2157176677834525,-1.012235274661823,0.3643802835600521,-0.6595154767826688,-0.9753297191658139,-1.4331952291043477
311,-1.4160904598850879,-0.46038918026034076,-0.3203518762532543,-0.6845443560243268,-0.7828300738799217,-0.8937686335635264,0.9264001305918463,0.6533479082813374,-1.5392236006230382,-0.9933205211176985
312,1.0138756536855411,-0.33941735167386816,-1.0821693027199093,0.5207539902701628,0.23443514098225454,0.4252994458934266,-0.12421709394710172,-0.1807538115854608,0.1821416533642146,0.11253475077190132
313,-0.4354886026819014,-0.9487664142062957,-1.230868657595606,-0.7883542083480806,-0.87493853129914,-0.8564630056123971,-0.503324722413968,-0.9664994937323177,-0.9020467021325653,-0.36695265771405594
314,0.6223190056859059,0.6146791541787557,-0.021845947095905927,0.552230891013958,0.5200171542548021,0.6001850316505426,0.9716513316806102,0.4389751940481899,0.4909164967886314,0.8665084216009543
315,1.0798938030340162,0.7105772857484247,0.8091729280078519,0.7910379245003256,0.8044992973258278,0.6832595158747704,-0.5551132014419171,-0.09404043610845951,0.5631560429957209,1.367086354559353
316,-1.14836744010749,-1.3100477966177715,-0.5875791825191037,-0.1914879612661893,-0.980446608377405,-0.8093819552923122,-1.3675563655725238,-0.5246733881321198,-0.7308142996301672,-1.2825054004878689
317,-2.2165725527820936,-2.6097439705106433,-1.6260373512461628,-1.9837670881988412,-2.319850494522571,-2.031846934460176,-1.3887591181686803,-1.7734111091461673,-1.6353234813342492,-1.7454640071037753
318,0.6993821368897966,1.4532129463191492,-0.3263580750531498,1.1854919271484585,1.8426239421346409,1.975934513885091,2.561284266327057,1.75031781624818,1.2301373223393974,1.4365681264491152
319,0.307892287860977,0.13120688908338146,-0.08545996682828813,0.2188025323809998,0.2881140622381395,0.0776984508091404,0.2344105572620114,0.010102662403139829,0.0866892845799966,0.07509514251830945
320,1.2185380826460563,0.8931140377730366,0.4533049997203077,1.1993306135106334,1.336290773888283,1.372439968530638,1.5922310922454364,0.9051903304609722,1.0599281571269845,1.0769331305443983
321,-1.2985843794653364,-1.2400919583128063,-1.964274281262243,-1.8307757397318976,-2.143962138402821,-1.498295295373209,-1.590714590222056,-1.4348484147977199,-1.9826319516828224,-1.1091683721982857
322,1.2643275730559373,0.7353674023324017,-0.378750745119349,-0.07115740059264135,0.06763354115878285,0.16437341427862673,-0.35421213381782674,0.15630416025244606,0.17526687971041072,1.1912296899751678
323,-0.349962626976593,-0.07290984795827633,0.3313684699227819,0.8307540555418985,0.06883767793855418,0.308487571378812,0.21580456874700393,0.9010922118871012,-0.10144769733676907,-0.8647294603019924
324,1.0727476285241582,1.082767633315747,0.6690486915076005,0.6626694956505913,0.9464939003256276,0.7531815209242103,0.9806017185946937,0.8023492241473824,0.21443103138610436,1.0003997187129592
325,0.3047722210080476,0.7615407931294231,-0.3352510468039088,0.19462308390431818,0.5176284403475053,0.7970813467732535,1.3086779765270997,1.0304462199892064,0.8663042652385881,0.49900814111723085
326,1.7306549490682226,1.2063090284690063,1.6729668857153086,0.9888102209639139,1.3045984857084594,0.8191653640064368,-0.3233872206032136,-0.06519988228136075,2.4200112149598376,2.2542022391643757
327,1.7311910526990097,0.8386780778875194,0.5548462577737079,1.3046368741034204,1.2757125695770017,1.524336441835269,1.3930505279607603,1.1156376701601274,0.7055992336153003,0.9790667101965768
328,1.7948194732370413,2.1183951348091443,0.8819373024796414,1.5387884586373204,2.0890721945955453,1.987045344361208,1.5064248914614287,1.2050705355624203,1.9155208686716465,1.6062506867124489
329,1.678788677823893,1.455268320737742,1.146741295351319,1.33672570352326,2.0149643765365823,1.9447348938506153,0.6065789152703344,0.7984916209365857,1.3569065586354019,0.9883641604322473
330,0.7746683184417634,0.1331942141577958,0.18403682390037993,0.30807410500089033,0.17562607454176538,0.656047270223555,0.1268251166990156,0.004645475547485397,0.36614656835792475,0.6339324432757943
331,-0.5022218324585681,-0.6887005981850027,-1.1629398245777112,-1.1268232018756887,-1.0248983619350998,-0.7720885365529738,-1.033825891955981,-1.2708366947136776,-1.0302749640630395,-1.0717956820432166
332,0.8299445244992689,0.3913051792260265,0.40576820309000633,0.5199007709530912,0.6657152474138341,0.6775547284927702,-1.1627034962680434,-0.050840636765944205,1.245012303599798,0.760650762741644
333,-0.6981451155548352,-0.054190514670711586,0.27303598563813797,-0.19586376063650365,-0.21503810450959407,-0.12149072554909743,0.45114498874092523,0.16583109913556993,-0.8471852344993404,-0.6903835959374268
334,1.3272152855152397,0.7938758311240088,0.019633684989991622,0.6583319321568522,0.7310458574082613,0.8242542365517174,1.0601642196376921,0.6440966924381955,0.34519301675539443,0.6412178142601175
335,-0.40873456229602745,-0.4124192346814747,-0.10919464251934073,-0.059763226663328485,-0.07422304484828882,-0.3535336218124911,-0.18556928525011404,-1.0392176597136387,0.27873132823025826,-0.017269692388362415
336,-0.15204162418097658,-0.9128059554446386,-0.5613126754148045,-0.513182900281721,-0.6140837995144813,-0.1512082273223326,-0.6753266771540053,-0.8451156560657681,-0.034878010624546006,-0.10774508691900755
337,0.40566531851039056,0.04544297047122044,-0.9325592196412177,-0.2950837463487728,-0.4138935632422594,-0.27233094462282587,-0.29752153240473816,-0.5390456970789023,-0.5548510930828673,0.15002909628007977
338,0.3686286454157111,-0.07555859741712154,0.26769809041155335,0.37764431148831606,0.44334211152751624,0.7896582673765095,1.7197151463542606,1.1331747516135189,0.3671940171505645,0.25935698761557935
339,0.6383492563149439,1.2726261877058702,0.12730842303308912,0.8167891986538599,0.8656506741687068,0.9198325158463997,0.49482414928844914,0.1818898875758886,1.0195203397192127,0.48153243669235485
340,1.279152463284324,0.7788081860285657,1.2703162113690474,0.23568262201023918,0.6208109762733192,0.7622355884768337,-1.1436918236345046,-0.43414401176685435,1.6698603654876103,1.941825049090696
341,-0.357776018242251,-0.18400096922638595,-0.17176844382241008,-0.39032186346098724,-0.5853059359154353,-0.3868398392648392,-0.29829026590340657,-0.4247487320388052,-0.6141087525398243,-0.5445026109265456
342,-0.5186959551509049,0.05724579896702286,-0.46058107135971804,-0.7140695580434375,-0.7644698083894768,-0.5520266188141459,0.5040462736039801,-0.2986932610541937,-0.09878192108767034,-0.4864247830293946
343,1.7286706775921976,0.39875982663420245,-0.1862406565164941,0.640972922668186,0.4064789090453635,0.7370057123084167,0.5255987145454989,0.6252276782051557,0.5725239569507657,1.1042010127331363
344,1.2098472141714867,0.40100477029222087,-0.21743808163491204,1.207055874479204,1.2786055394999478,1.119387300117947,0.9010540986129261,0.26800712972336255,0.5502710391147091,0.303367497944696
345,-3.400234502998529,-0.33663791143851307,-2.665990353049014,-3.6462326068352846,-2.2805599188228802,-3.9685385888205245,-3.1441812503208992,-3.3033240883367827,-5.025752014116084,-3.91520220720915
346,-1.6508568463223774,-1.2392364571258097,-2.202311239598911,-1.8470070575262696,-2.1674849302982553,-2.050227481370087,-0.7014207019348757,-1.5194622892679146,-1.7048456929033826,-1.8418347605804462
347,0.8854882056767417,0.06156132424215055,0.33993318597654887,0.7229015847732122,0.44132618360888215,0.46287025085397,0.02590828393491124,0.4716239248522296,0.49547610950228194,0.6669436034951719
348,-0.47324383099756884,-0.5438500412350632,-0.28664710854580083,-0.5562843778730338,-0.7186697820928006,-0.40687054383205007,0.2022530039047324,-0.30064398679726445,-0.8313124401829768,-0.5515535190168241
349,-1.231254991126741,-1.110294537962973,-1.5670006412870567,-1.2961551699528264,-1.1523532514741963,-1.2013528893871623,-0.2793858398805153,-1.2801377820362683,-1.0599135793450407,-0.6592949271009375
350,0.10040089677924152,1.3752330617369124,1.7437052732968115,1.254769891634712,0.9001930327053727,0.7157610769342375,1.1605457978040075,0.9320832147436736,0.4916491121491574,-0.6222617444032783
351,0.5792899703310289,0.17519275310751847,-0.414401688361701,0.43939093266476015,0.2465682332965132,0.3499683646408644,0.6404662285635824,0.27098180900551466,0.15878549893931387,0.031464525164778344
352,-0.17974306311124713,0.198509199984954,-0.007350623122882961,-0.38033473319259803,0.5502095215398832,0.14958636246445045,1.911542199409927,0.6279935955625428,0.04647509056103595,-0.11950377189398292
353,0.33433370517444505,0.40178925497861784,-0.4023637567251647,0.10537181288907937,0.31279995281875483,0.3400529937366507,-0.2624602073576658,-0.24482366941834602,0.23361563423431708,0.7408186122717964
354,1.2050389872570049,1.2999175631113054,0.3562436763397649,0.8775676322341893,1.1818562397458783,1.2269233989724666,0.8738086649513644,0.8102821790309789,1.0384127836099837,0.8861785839959104
355,0.67158262444537,0.11782923312394444,0.5699874726979256,0.5398916366697938,0.5943544631656782,0.3784820501997504,0.6799539588386994,0.2432453234294931,0.5776124377312472,0.30317968346144636
356,0.48473990348878215,0.5869755340297155,-0.21508620573950574,-0.025707715596520946,0.2380599014486243,0.14518443120662866,6.778691855848603e-05,-0.4509406307469894,0.44886070580171245,0.4114093839323487
357,0.16829167386827046,0.7608494266834318,0.6173831711132965,0.8227955621351627,0.6431228528068452,0.3038715545067349,0.25083145954183966,0.514433329172797,-0.24202914685590315,0.07679414946880149
358,0.01384143713869012,0.7840849300388779,-0.17632391659297855,-0.7532915647288226,-0.34480820415244784,-0.509431541110345,-0.7315023444573575,-0.30419660317439934,-0.584787268868298,-1.8227912917648925
359,-0.1431629545048093,-0.07760805630250986,-0.4509460419137846,-0.4950428340132969,-0.6059079880863459,-0.3923611758630804,-0.5134877684473869,0.039772597367411615,-0.05305060485556218,0.2150609145089001
